numero_fotograma,id_vehiculo,bbox_vehiculo,bbox_placa_matricula,puntaje_bbox_placa_matricula,numero_matricula,puntaje_numero_matricula
16,1.0,[273.5501083960256 49.91209386585993 717.9038141486211 431.29892027791357],[538.108154296875 326.7325744628906 637.4185180664062 387.570556640625],0.2723015248775482,051WEU,0.047639176295888916
26,1.0,[290.55226701087133 46.89073407813558 777.2384346691261 460.5705414127999],[584.2718505859375 349.4616394042969 667.1726684570312 408.59088134765625],0.26737943291664124,660UEZ,0.005449319505192186
28,1.0,[295.4087241433432 42.5189696086795 791.0088642622128 467.0180683480588],[596.8936157226562 360.2947998046875 673.893798828125 406.85760498046875],0.6061422228813171,051IMU,0.005621039438341272
29,1.0,[298.6009533821926 38.990617782139736 798.367772248582 469.28239357949514],[600.883544921875 362.73175048828125 676.717041015625 410.06103515625],0.6158543229103088,661WBU,0.013646689256757388
35,1.0,[308.9832313660489 32.83737546206521 842.5356619623809 488.78668737464545],[636.0103149414062 373.41064453125 719.6739501953125 426.88970947265625],0.5886873006820679,661WED,0.04407923158259588
39,1.0,[312.94591458729894 21.430167692264718 877.8212304466223 503.3472565920014],[667.51318359375 388.2491455078125 749.572265625 437.45068359375],0.6562802195549011,021IBL,0.00576548356190023
41,1.0,[320.2749483401379 14.09298113746965 899.677783736254 509.2378255537145],[680.3697509765625 392.7596740722656 765.5355834960938 442.0454406738281],0.6319265961647034,061HEZ,0.1384048651570744
